﻿FID,FBILLNO,FNAME,FCASETYPEID,FDISPUTEAMOUNT,FDISPUTESTATUS,FRELATECONTRACTID,FRELATECONTRACTNAME,FREGISTDATE,FBILLSTATUS,FDISPUTEINTRODUCTION,FDESCRIPTION
DISP_001,JF202400001,合同纠纷-1,TYPE_1,1068465.00,B,CON_011,循环交易合同-国家电网集团公司至中天建筑材料,2025-09-14,C,纠纷简述：合同纠纷相关纠纷,纠纷详情：涉及金额1068465元
DISP_002,JF202400002,质量纠纷-2,TYPE_2,1035908.00,C,CON_012,循环交易合同-中天建筑材料至华润置地发展,2025-05-07,C,纠纷简述：质量纠纷相关纠纷,纠纷详情：涉及金额1035908元
DISP_003,JF202400003,付款纠纷-3,TYPE_3,2105480.00,F,CON_013,循环交易合同-华润置地发展至国家电网集团公司,2025-05-27,C,纠纷简述：付款纠纷相关纠纷,纠纷详情：涉及金额2105480元
DISP_004,JF202400004,工期纠纷-4,TYPE_4,1740152.00,F,CON_014,旭辉控股与金石建材供应合作合同,2025-06-08,C,纠纷简述：工期纠纷相关纠纷,纠纷详情：涉及金额1740152元
DISP_005,JF202400005,变更纠纷-5,TYPE_5,1111698.00,G,CON_015,中建华东分公司与腾飞机械设备合作合同,2025-07-25,C,纠纷简述：变更纠纷相关纠纷,纠纷详情：涉及金额1111698元
DISP_006,JF202400006,合同纠纷-6,TYPE_1,579304.00,C,CON_016,金科地产与远大建筑材料合作合同,2025-05-12,C,纠纷简述：合同纠纷相关纠纷,纠纷详情：涉及金额579304元
DISP_007,JF202400007,质量纠纷-7,TYPE_2,2878290.00,B,CON_017,远洋地产与工程保险代理合作合同,2025-07-29,C,纠纷简述：质量纠纷相关纠纷,纠纷详情：涉及金额2878290元
DISP_008,JF202400008,付款纠纷-8,TYPE_3,2620676.00,B,CON_018,中南置地与中建设计研究院合作合同,2025-07-19,C,纠纷简述：付款纠纷相关纠纷,纠纷详情：涉及金额2620676元
DISP_009,JF202400009,工期纠纷-9,TYPE_4,958125.00,C,CON_019,中铁华东工程公司与金鼎建筑器材合作合同,2025-07-08,C,纠纷简述：工期纠纷相关纠纷,纠纷详情：涉及金额958125元
DISP_010,JF202400010,变更纠纷-10,TYPE_5,537927.00,C,CON_020,中石油华南销售公司与博达工程机械合作合同,2025-07-22,C,纠纷简述：变更纠纷相关纠纷,纠纷详情：涉及金额537927元
