﻿FID,FBILLNO,FNAME,FCASETYPEID,FLAWSUITAMOUNT,FLAWSUITTYPE,FCASESTATUS,FOPERATORID,FOPERATORNAME,FRELATECONTRACTID,FRELATECONTRACTNAME,FREGISTDATE,FBILLSTATUS,FINTRODUCTION,FDESCRIPTION
CASE_001,AJ202400001,合同纠纷案件-1,TYPE_1,4450308.00,1,N,USER_001,朱秀兰,CON_001,建材采购合同-华信建材有限公司,2025-01-31,C,案件简介：合同纠纷相关案件,案件详情：涉及金额4450308元
CASE_002,AJ202400002,劳动争议案件-2,TYPE_2,1077045.00,1,I,USER_002,黄洋,CON_002,建材采购合同-东方钢铁集团,2025-04-08,C,案件简介：劳动争议相关案件,案件详情：涉及金额1077045元
CASE_003,AJ202400003,侵权责任案件-3,TYPE_3,3342093.00,1,I,USER_003,吴霞,CON_003,建材采购合同-盛达水泥制造,2025-04-22,C,案件简介：侵权责任相关案件,案件详情：涉及金额3342093元
CASE_004,AJ202400004,债权债务案件-4,TYPE_4,3316961.00,1,J,USER_004,赵伟,CON_004,建材采购合同-鑫源建筑材料,2025-06-09,C,案件简介：债权债务相关案件,案件详情：涉及金额3316961元
CASE_005,AJ202400005,知识产权案件-5,TYPE_5,1581739.00,1,I,USER_005,胡敏,CON_005,建材采购合同-宏图机械设备,2025-08-02,C,案件简介：知识产权相关案件,案件详情：涉及金额1581739元
CASE_006,AJ202400006,合同纠纷案件-6,TYPE_1,2959430.00,2,I,USER_006,马强,CON_006,建材采购合同-天成电气设备,2025-02-04,C,案件简介：合同纠纷相关案件,案件详情：涉及金额2959430元
CASE_007,AJ202400007,劳动争议案件-7,TYPE_2,1965755.00,2,N,USER_007,高涛,CON_007,建材采购合同-瑞丰五金制品,2025-03-06,C,案件简介：劳动争议相关案件,案件详情：涉及金额1965755元
CASE_008,AJ202400008,侵权责任案件-8,TYPE_3,3955037.00,1,I,USER_008,高勇,CON_008,建材采购合同-博达工程机械,2025-06-18,C,案件简介：侵权责任相关案件,案件详情：涉及金额3955037元
CASE_009,AJ202400009,债权债务案件-9,TYPE_4,2623926.00,1,F,USER_009,胡芳,CON_009,建材采购合同-金石建材供应,2025-06-27,C,案件简介：债权债务相关案件,案件详情：涉及金额2623926元
CASE_010,AJ202400010,知识产权案件-10,TYPE_5,2433623.00,1,F,USER_010,朱超,CON_010,建材采购合同-永盛钢构工程,2025-06-21,C,案件简介：知识产权相关案件,案件详情：涉及金额2433623元
