﻿edge_id,edge_type,from_node,to_node,from_type,to_type,properties
TRADE_0001,TRADES_WITH,ORG_002,SUP_001,Company,Company,"交易金额:5353380.00,合同:HT2024000001"
TRADE_0002,TRADES_WITH,ORG_002,SUP_002,Company,Company,"交易金额:9930954.00,合同:HT2024000002"
TRADE_0003,TRADES_WITH,ORG_002,SUP_003,Company,Company,"交易金额:7317542.00,合同:HT2024000003"
TRADE_0004,TRADES_WITH,ORG_002,SUP_004,Company,Company,"交易金额:7691282.00,合同:HT2024000004"
TRADE_0005,TRADES_WITH,ORG_002,SUP_005,Company,Company,"交易金额:8980792.00,合同:HT2024000005"
TRADE_0006,TRADES_WITH,ORG_002,SUP_006,Company,Company,"交易金额:9239553.00,合同:HT2024000006"
TRADE_0007,TRADES_WITH,ORG_002,SUP_007,Company,Company,"交易金额:5712093.00,合同:HT2024000007"
TRADE_0008,TRADES_WITH,ORG_002,SUP_008,Company,Company,"交易金额:8640061.00,合同:HT2024000008"
TRADE_0009,TRADES_WITH,ORG_002,SUP_009,Company,Company,"交易金额:5786007.00,合同:HT2024000009"
TRADE_0010,TRADES_WITH,ORG_002,SUP_010,Company,Company,"交易金额:6490568.00,合同:HT2024000010"
TRADE_0011,TRADES_WITH,ORG_005,SUP_011,Company,Company,"交易金额:9919290.00,合同:HT2024000011"
TRADE_0012,TRADES_WITH,SUP_011,CUS_001,Company,Company,"交易金额:9902595.00,合同:HT2024000012"
TRADE_0013,TRADES_WITH,CUS_001,ORG_005,Company,Company,"交易金额:9994149.00,合同:HT2024000013"
TRADE_0014,TRADES_WITH,CUS_016,SUP_009,Company,Company,"交易金额:22643967.00,合同:HT2024000014"
TRADE_0015,TRADES_WITH,ORG_002,SUP_022,Company,Company,"交易金额:1880365.00,合同:HT2024000015"
TRADE_0016,TRADES_WITH,CUS_022,SUP_017,Company,Company,"交易金额:35622292.00,合同:HT2024000016"
TRADE_0017,TRADES_WITH,CUS_021,CP_009,Company,Company,"交易金额:3770394.00,合同:HT2024000017"
TRADE_0018,TRADES_WITH,CUS_017,CP_001,Company,Company,"交易金额:34216238.00,合同:HT2024000018"
TRADE_0019,TRADES_WITH,ORG_013,SUP_025,Company,Company,"交易金额:35121400.00,合同:HT2024000019"
TRADE_0020,TRADES_WITH,ORG_011,SUP_008,Company,Company,"交易金额:47746694.00,合同:HT2024000020"
TRADE_0021,TRADES_WITH,CUS_026,CP_005,Company,Company,"交易金额:28839916.00,合同:HT2024000021"
TRADE_0022,TRADES_WITH,ORG_003,CP_009,Company,Company,"交易金额:20484426.00,合同:HT2024000022"
TRADE_0023,TRADES_WITH,CUS_017,SUP_012,Company,Company,"交易金额:8486756.00,合同:HT2024000023"
TRADE_0024,TRADES_WITH,ORG_017,SUP_005,Company,Company,"交易金额:31990947.00,合同:HT2024000024"
TRADE_0025,TRADES_WITH,CUS_011,CUS_004,Company,Company,"交易金额:41504682.00,合同:HT2024000025"
TRADE_0026,TRADES_WITH,CUS_012,SUP_028,Company,Company,"交易金额:23930751.00,合同:HT2024000026"
TRADE_0027,TRADES_WITH,CUS_025,SUP_017,Company,Company,"交易金额:46043614.00,合同:HT2024000027"
TRADE_0028,TRADES_WITH,ORG_010,CP_008,Company,Company,"交易金额:6848549.00,合同:HT2024000028"
TRADE_0029,TRADES_WITH,CUS_015,SUP_030,Company,Company,"交易金额:6125396.00,合同:HT2024000029"
TRADE_0030,TRADES_WITH,ORG_012,CP_005,Company,Company,"交易金额:12211274.00,合同:HT2024000030"
TRADE_0031,TRADES_WITH,ORG_001,SUP_002,Company,Company,"交易金额:12379715.00,合同:HT2024000031"
TRADE_0032,TRADES_WITH,ORG_005,CUS_017,Company,Company,"交易金额:47856538.00,合同:HT2024000032"
TRADE_0033,TRADES_WITH,CUS_014,CUS_017,Company,Company,"交易金额:20733034.00,合同:HT2024000033"
TRADE_0034,TRADES_WITH,ORG_009,CUS_004,Company,Company,"交易金额:42285448.00,合同:HT2024000034"
TRADE_0035,TRADES_WITH,CUS_020,CP_009,Company,Company,"交易金额:6959933.00,合同:HT2024000035"
TRADE_0036,TRADES_WITH,ORG_020,CP_003,Company,Company,"交易金额:34589155.00,合同:HT2024000036"
TRADE_0037,TRADES_WITH,CUS_026,SUP_029,Company,Company,"交易金额:46083156.00,合同:HT2024000037"
TRADE_0038,TRADES_WITH,CUS_013,CP_010,Company,Company,"交易金额:3365261.00,合同:HT2024000038"
TRADE_0039,TRADES_WITH,CUS_003,SUP_025,Company,Company,"交易金额:17447124.00,合同:HT2024000039"
TRADE_0040,TRADES_WITH,CUS_029,CP_010,Company,Company,"交易金额:38276702.00,合同:HT2024000040"
TRADE_0041,TRADES_WITH,CUS_021,SUP_011,Company,Company,"交易金额:37054676.00,合同:HT2024000041"
TRADE_0042,TRADES_WITH,CUS_029,SUP_021,Company,Company,"交易金额:13245858.00,合同:HT2024000042"
TRADE_0043,TRADES_WITH,ORG_007,SUP_018,Company,Company,"交易金额:15666248.00,合同:HT2024000043"
TRADE_0044,TRADES_WITH,ORG_001,CUS_004,Company,Company,"交易金额:31870131.00,合同:HT2024000044"
TRADE_0045,TRADES_WITH,ORG_019,CUS_022,Company,Company,"交易金额:13750999.00,合同:HT2024000045"
TRADE_0046,TRADES_WITH,ORG_009,CP_006,Company,Company,"交易金额:48526266.00,合同:HT2024000046"
TRADE_0047,TRADES_WITH,CUS_005,CUS_027,Company,Company,"交易金额:16328447.00,合同:HT2024000047"
TRADE_0048,TRADES_WITH,CUS_001,CUS_020,Company,Company,"交易金额:30967638.00,合同:HT2024000048"
TRADE_0049,TRADES_WITH,CUS_004,CUS_028,Company,Company,"交易金额:42505660.00,合同:HT2024000049"
TRADE_0050,TRADES_WITH,ORG_017,SUP_029,Company,Company,"交易金额:33616243.00,合同:HT2024000050"
TRADE_0051,TRADES_WITH,CUS_006,SUP_027,Company,Company,"交易金额:33948180.00,合同:HT2024000051"
TRADE_0052,TRADES_WITH,ORG_017,CUS_019,Company,Company,"交易金额:31561745.00,合同:HT2024000052"
TRADE_0053,TRADES_WITH,ORG_019,SUP_003,Company,Company,"交易金额:40623106.00,合同:HT2024000053"
TRADE_0054,TRADES_WITH,CUS_010,CUS_029,Company,Company,"交易金额:11896077.00,合同:HT2024000054"
TRADE_0055,TRADES_WITH,ORG_013,CUS_030,Company,Company,"交易金额:45118611.00,合同:HT2024000055"
TRADE_0056,TRADES_WITH,CUS_003,SUP_001,Company,Company,"交易金额:47915328.00,合同:HT2024000056"
TRADE_0057,TRADES_WITH,ORG_007,CP_001,Company,Company,"交易金额:36978712.00,合同:HT2024000057"
TRADE_0058,TRADES_WITH,CUS_028,CUS_023,Company,Company,"交易金额:8873829.00,合同:HT2024000058"
TRADE_0059,TRADES_WITH,CUS_024,SUP_005,Company,Company,"交易金额:19752730.00,合同:HT2024000059"
TRADE_0060,TRADES_WITH,ORG_019,CUS_011,Company,Company,"交易金额:15098380.00,合同:HT2024000060"
TRADE_0061,TRADES_WITH,CUS_003,SUP_024,Company,Company,"交易金额:23578613.00,合同:HT2024000061"
TRADE_0062,TRADES_WITH,ORG_001,CP_001,Company,Company,"交易金额:46151121.00,合同:HT2024000062"
TRADE_0063,TRADES_WITH,CUS_011,SUP_029,Company,Company,"交易金额:2210275.00,合同:HT2024000063"
TRADE_0064,TRADES_WITH,ORG_017,CP_005,Company,Company,"交易金额:30612164.00,合同:HT2024000064"
TRADE_0065,TRADES_WITH,ORG_006,CP_005,Company,Company,"交易金额:26316877.00,合同:HT2024000065"
TRADE_0066,TRADES_WITH,ORG_006,CP_007,Company,Company,"交易金额:6642117.00,合同:HT2024000066"
TRADE_0067,TRADES_WITH,CUS_006,CUS_020,Company,Company,"交易金额:28056437.00,合同:HT2024000067"
TRADE_0068,TRADES_WITH,ORG_001,CP_009,Company,Company,"交易金额:8077355.00,合同:HT2024000068"
TRADE_0069,TRADES_WITH,CUS_018,CP_001,Company,Company,"交易金额:27556163.00,合同:HT2024000069"
TRADE_0070,TRADES_WITH,ORG_012,CUS_023,Company,Company,"交易金额:7016580.00,合同:HT2024000070"
TRADE_0071,TRADES_WITH,CUS_023,SUP_001,Company,Company,"交易金额:42405980.00,合同:HT2024000071"
TRADE_0072,TRADES_WITH,CUS_003,CUS_030,Company,Company,"交易金额:44650278.00,合同:HT2024000072"
TRADE_0073,TRADES_WITH,ORG_009,CP_007,Company,Company,"交易金额:40351400.00,合同:HT2024000073"
TRADE_0074,TRADES_WITH,ORG_004,CP_005,Company,Company,"交易金额:6905221.00,合同:HT2024000074"
TRADE_0075,TRADES_WITH,CUS_024,SUP_023,Company,Company,"交易金额:45922344.00,合同:HT2024000075"
TRADE_0076,TRADES_WITH,CUS_025,CUS_015,Company,Company,"交易金额:21601136.00,合同:HT2024000076"
TRADE_0077,TRADES_WITH,ORG_006,CP_002,Company,Company,"交易金额:14580304.00,合同:HT2024000077"
TRADE_0078,TRADES_WITH,CUS_027,CP_008,Company,Company,"交易金额:47359595.00,合同:HT2024000078"
TRADE_0079,TRADES_WITH,ORG_001,SUP_028,Company,Company,"交易金额:30484412.00,合同:HT2024000079"
TRADE_0080,TRADES_WITH,ORG_012,SUP_017,Company,Company,"交易金额:35772805.00,合同:HT2024000080"
TRADE_0081,TRADES_WITH,CUS_017,CP_010,Company,Company,"交易金额:17744102.00,合同:HT2024000081"
TRADE_0082,TRADES_WITH,ORG_006,SUP_027,Company,Company,"交易金额:18599835.00,合同:HT2024000082"
TRADE_0083,TRADES_WITH,CUS_028,CUS_027,Company,Company,"交易金额:28097905.00,合同:HT2024000083"
TRADE_0084,TRADES_WITH,CUS_001,CUS_023,Company,Company,"交易金额:2907251.00,合同:HT2024000084"
TRADE_0085,TRADES_WITH,ORG_012,SUP_026,Company,Company,"交易金额:43059321.00,合同:HT2024000085"
TRADE_0086,TRADES_WITH,CUS_015,CP_009,Company,Company,"交易金额:31303099.00,合同:HT2024000086"
TRADE_0087,TRADES_WITH,CUS_023,CP_005,Company,Company,"交易金额:12882357.00,合同:HT2024000087"
TRADE_0088,TRADES_WITH,CUS_017,CUS_022,Company,Company,"交易金额:39816333.00,合同:HT2024000088"
TRADE_0089,TRADES_WITH,CUS_003,CUS_029,Company,Company,"交易金额:31576707.00,合同:HT2024000089"
TRADE_0090,TRADES_WITH,CUS_030,CUS_026,Company,Company,"交易金额:38649992.00,合同:HT2024000090"
TRADE_0091,TRADES_WITH,ORG_002,CP_004,Company,Company,"交易金额:13047051.00,合同:HT2024000091"
TRADE_0092,TRADES_WITH,ORG_014,CP_010,Company,Company,"交易金额:14833173.00,合同:HT2024000092"
TRADE_0093,TRADES_WITH,ORG_002,CP_007,Company,Company,"交易金额:8092959.00,合同:HT2024000093"
TRADE_0094,TRADES_WITH,ORG_020,SUP_018,Company,Company,"交易金额:11775682.00,合同:HT2024000094"
TRADE_0095,TRADES_WITH,CUS_025,CUS_013,Company,Company,"交易金额:47538615.00,合同:HT2024000095"
TRADE_0096,TRADES_WITH,CUS_027,CP_004,Company,Company,"交易金额:8188715.00,合同:HT2024000096"
TRADE_0097,TRADES_WITH,CUS_012,CP_007,Company,Company,"交易金额:15703900.00,合同:HT2024000097"
TRADE_0098,TRADES_WITH,ORG_011,CP_001,Company,Company,"交易金额:27374484.00,合同:HT2024000098"
TRADE_0099,TRADES_WITH,CUS_030,SUP_022,Company,Company,"交易金额:47283599.00,合同:HT2024000099"
TRADE_0100,TRADES_WITH,ORG_011,CP_009,Company,Company,"交易金额:42685344.00,合同:HT2024000100"
