﻿node_id,node_type,company_type,name,number,legal_person,credit_code,establish_date,status,description
ORG_001,Company,Organization,中央建设集团有限公司,ORG001,朱秀兰,91119098MA46646336,2016-11-06,C,中央建设集团有限公司的详细描述
ORG_002,Company,Organization,中建华东分公司,ORG002,黄洋,91117491MA55868447,2008-08-04,C,中建华东分公司的详细描述
ORG_003,Company,Organization,中建华南分公司,ORG003,吴霞,91116764MA10205044,2020-11-06,C,中建华南分公司的详细描述
ORG_004,Company,Organization,中建西部分公司,ORG004,赵伟,91115791MA16611630,2017-02-04,C,中建西部分公司的详细描述
ORG_005,Company,Organization,国家电网集团公司,ORG005,胡敏,91116857MA60025372,2016-10-25,C,国家电网集团公司的详细描述
ORG_006,Company,Organization,国网华北电力公司,ORG006,马强,91112699MA46919280,2005-08-03,C,国网华北电力公司的详细描述
ORG_007,Company,Organization,国网华中电力公司,ORG007,高涛,91113288MA43510439,2016-02-08,C,国网华中电力公司的详细描述
ORG_008,Company,Organization,国网华南电力公司,ORG008,高勇,91115585MA96755271,2015-11-05,C,国网华南电力公司的详细描述
ORG_009,Company,Organization,中国石油天然气集团,ORG009,胡芳,91114496MA71987975,2016-12-02,C,中国石油天然气集团的详细描述
ORG_010,Company,Organization,中石油华东销售公司,ORG010,朱超,91119299MA57646619,2019-06-02,C,中石油华东销售公司的详细描述
ORG_011,Company,Organization,中石油华南销售公司,ORG011,孙军,91112701MA75690892,2013-12-05,C,中石油华南销售公司的详细描述
ORG_012,Company,Organization,中国铁路工程集团,ORG012,胡伟,91114679MA64719795,2012-11-17,C,中国铁路工程集团的详细描述
ORG_013,Company,Organization,中铁华东工程公司,ORG013,陈娜,91117647MA15097807,2014-03-12,C,中铁华东工程公司的详细描述
ORG_014,Company,Organization,中铁华南工程公司,ORG014,郭明,91114599MA69935062,2012-03-19,C,中铁华南工程公司的详细描述
ORG_015,Company,Organization,中国交通建设集团,ORG015,徐杰,91117478MA50030729,2011-09-15,C,中国交通建设集团的详细描述
ORG_016,Company,Organization,中交华东建设公司,ORG016,张强,91115256MA77678379,2016-05-19,C,中交华东建设公司的详细描述
ORG_017,Company,Organization,中交华南建设公司,ORG017,徐军,91111521MA32929698,2014-08-17,C,中交华南建设公司的详细描述
ORG_018,Company,Organization,中国能源建设集团,ORG018,刘磊,91118869MA74238054,2017-03-26,C,中国能源建设集团的详细描述
ORG_019,Company,Organization,中能华东建设公司,ORG019,孙秀兰,91117691MA37999834,2013-04-17,C,中能华东建设公司的详细描述
ORG_020,Company,Organization,中能华南建设公司,ORG020,何丽,91112639MA69843893,2004-04-08,C,中能华南建设公司的详细描述
SUP_001,Company,Supplier,华信建材有限公司,SUP0001,刘军,358459634065274,,C,建筑材料、机械设备销售
SUP_002,Company,Supplier,东方钢铁集团,SUP0002,赵明,673873471577546,,C,建筑材料、机械设备销售
SUP_003,Company,Supplier,盛达水泥制造,SUP0003,周涛,704874642086356,,C,建筑材料、机械设备销售
SUP_004,Company,Supplier,鑫源建筑材料,SUP0004,赵军,292076802295683,,C,建筑材料、机械设备销售
SUP_005,Company,Supplier,宏图机械设备,SUP0005,李秀英,187021348830426,,C,建筑材料、机械设备销售
SUP_006,Company,Supplier,天成电气设备,SUP0006,徐杰,846772042654242,,C,建筑材料、机械设备销售
SUP_007,Company,Supplier,瑞丰五金制品,SUP0007,赵军,839929371301841,,C,建筑材料、机械设备销售
SUP_008,Company,Supplier,博达工程机械,SUP0008,杨静,676532562677139,,C,建筑材料、机械设备销售
SUP_009,Company,Supplier,金石建材供应,SUP0009,郭娜,664373381328890,,C,建筑材料、机械设备销售
SUP_010,Company,Supplier,永盛钢构工程,SUP0010,郭丽,852829752658487,,C,建筑材料、机械设备销售
SUP_011,Company,Supplier,中天建筑材料,SUP0011,陈伟,991460743032405,,C,建筑材料、机械设备销售
SUP_012,Company,Supplier,恒泰机电设备,SUP0012,黄秀英,487879140390058,,C,建筑材料、机械设备销售
SUP_013,Company,Supplier,华强电力设备,SUP0013,张明,934150515559717,,C,建筑材料、机械设备销售
SUP_014,Company,Supplier,鼎盛建筑器材,SUP0014,张涛,344199306695797,,C,建筑材料、机械设备销售
SUP_015,Company,Supplier,新世纪建材,SUP0015,周杰,813032092124953,,C,建筑材料、机械设备销售
SUP_016,Company,Supplier,联创机械制造,SUP0016,徐军,843871766237454,,C,建筑材料、机械设备销售
SUP_017,Company,Supplier,远大建筑材料,SUP0017,高涛,176082159585724,,C,建筑材料、机械设备销售
SUP_018,Company,Supplier,兴业钢铁贸易,SUP0018,张涛,345222421859423,,C,建筑材料、机械设备销售
SUP_019,Company,Supplier,诚信建材批发,SUP0019,高洋,237836243004849,,C,建筑材料、机械设备销售
SUP_020,Company,Supplier,宏达机电设备,SUP0020,赵平,128195055372343,,C,建筑材料、机械设备销售
SUP_021,Company,Supplier,锦绣建筑材料,SUP0021,陈伟,206395184164716,,C,建筑材料、机械设备销售
SUP_022,Company,Supplier,腾飞机械设备,SUP0022,周艳,124646668677497,,C,建筑材料、机械设备销售
SUP_023,Company,Supplier,盛世建材集团,SUP0023,张洋,714206187942032,,C,建筑材料、机械设备销售
SUP_024,Company,Supplier,华美电气设备,SUP0024,罗静,743418828857453,,C,建筑材料、机械设备销售
SUP_025,Company,Supplier,金鼎建筑器材,SUP0025,吴丽,961378213056847,,C,建筑材料、机械设备销售
SUP_026,Company,Supplier,瑞祥机电设备,SUP0026,陈秀英,316217129141859,,C,建筑材料、机械设备销售
SUP_027,Company,Supplier,天宇建材供应,SUP0027,周芳,846268528370962,,C,建筑材料、机械设备销售
SUP_028,Company,Supplier,博瑞工程设备,SUP0028,黄杰,725242132062471,,C,建筑材料、机械设备销售
SUP_029,Company,Supplier,鑫达建筑材料,SUP0029,赵强,765637629899447,,C,建筑材料、机械设备销售
SUP_030,Company,Supplier,恒信机械设备,SUP0030,黄洋,640136434520984,,C,建筑材料、机械设备销售
CUS_001,Company,Customer,华润置地发展,CUS0001,刘涛,201095851111474,,C,房地产开发、物业管理
CUS_002,Company,Customer,万科房地产,CUS0002,赵芳,366619820349710,,C,房地产开发、物业管理
CUS_003,Company,Customer,碧桂园地产,CUS0003,张平,130058004611267,,C,房地产开发、物业管理
CUS_004,Company,Customer,恒大地产集团,CUS0004,李勇,781738464461600,,C,房地产开发、物业管理
CUS_005,Company,Customer,融创中国地产,CUS0005,吴伟,341537817954606,,C,房地产开发、物业管理
CUS_006,Company,Customer,保利发展控股,CUS0006,刘超,754743113902975,,C,房地产开发、物业管理
CUS_007,Company,Customer,中海地产集团,CUS0007,孙静,640394357031946,,C,房地产开发、物业管理
CUS_008,Company,Customer,龙湖地产,CUS0008,罗艳,973702670078560,,C,房地产开发、物业管理
CUS_009,Company,Customer,绿地控股集团,CUS0009,徐洋,609701831403258,,C,房地产开发、物业管理
CUS_010,Company,Customer,世茂房地产,CUS0010,陈军,725796650449112,,C,房地产开发、物业管理
CUS_011,Company,Customer,金地集团,CUS0011,张芳,381737929257872,,C,房地产开发、物业管理
CUS_012,Company,Customer,招商蛇口,CUS0012,王超,462037549589645,,C,房地产开发、物业管理
CUS_013,Company,Customer,华夏幸福基业,CUS0013,王敏,698067273909071,,C,房地产开发、物业管理
CUS_014,Company,Customer,新城控股,CUS0014,陈静,668269150122800,,C,房地产开发、物业管理
CUS_015,Company,Customer,阳光城集团,CUS0015,何静,400746012183601,,C,房地产开发、物业管理
CUS_016,Company,Customer,旭辉控股,CUS0016,朱艳,501133560400291,,C,房地产开发、物业管理
CUS_017,Company,Customer,中南置地,CUS0017,吴伟,788006451056594,,C,房地产开发、物业管理
CUS_018,Company,Customer,正荣地产,CUS0018,罗芳,663894150986498,,C,房地产开发、物业管理
CUS_019,Company,Customer,禹洲集团,CUS0019,胡超,603137718520662,,C,房地产开发、物业管理
CUS_020,Company,Customer,佳兆业集团,CUS0020,陈磊,336039921019197,,C,房地产开发、物业管理
CUS_021,Company,Customer,远洋地产,CUS0021,陈明,644333735076818,,C,房地产开发、物业管理
CUS_022,Company,Customer,金科地产,CUS0022,胡静,377502264305036,,C,房地产开发、物业管理
CUS_023,Company,Customer,荣盛发展,CUS0023,刘杰,270970571843440,,C,房地产开发、物业管理
CUS_024,Company,Customer,泰禾集团,CUS0024,郭强,424469310442610,,C,房地产开发、物业管理
CUS_025,Company,Customer,富力地产,CUS0025,张平,585419948914253,,C,房地产开发、物业管理
CUS_026,Company,Customer,雅居乐地产,CUS0026,郭磊,823007609859625,,C,房地产开发、物业管理
CUS_027,Company,Customer,合景泰富,CUS0027,吴涛,652842030598250,,C,房地产开发、物业管理
CUS_028,Company,Customer,奥园集团,CUS0028,黄霞,316463445637653,,C,房地产开发、物业管理
CUS_029,Company,Customer,花样年控股,CUS0029,黄涛,109695723380757,,C,房地产开发、物业管理
CUS_030,Company,Customer,当代置业,CUS0030,王磊,171827271396922,,C,房地产开发、物业管理
CP_001,Company,Counterpart,中建设计研究院,CP0001,陈明,,,C,工程咨询、技术服务
CP_002,Company,Counterpart,华东工程监理,CP0002,胡静,,,C,工程咨询、技术服务
CP_003,Company,Counterpart,建筑质量检测中心,CP0003,刘杰,,,C,工程咨询、技术服务
CP_004,Company,Counterpart,工程造价咨询,CP0004,郭强,,,C,工程咨询、技术服务
CP_005,Company,Counterpart,建筑安全评估,CP0005,张平,,,C,工程咨询、技术服务
CP_006,Company,Counterpart,环境影响评价,CP0006,郭磊,,,C,工程咨询、技术服务
CP_007,Company,Counterpart,工程测绘服务,CP0007,吴涛,,,C,工程咨询、技术服务
CP_008,Company,Counterpart,建筑法律咨询,CP0008,黄霞,,,C,工程咨询、技术服务
CP_009,Company,Counterpart,工程保险代理,CP0009,黄涛,,,C,工程咨询、技术服务
CP_010,Company,Counterpart,建筑金融服务,CP0010,王磊,,,C,工程咨询、技术服务
